<?xml version="1.0" encoding="UTF-8"?>
<document type="com.apple.InterfaceBuilder3.CocoaTouch.Storyboard.XIB" version="3.0" toolsVersion="20037" targetRuntime="iOS.CocoaTouch" propertyAccessControl="none" useAutolayout="YES" useTraitCollections="YES" useSafeAreas="YES" colorMatched="YES" initialViewController="BYZ-38-t0r">
    <device id="retina6_1" orientation="portrait" appearance="light"/>
    <dependencies>
        <plugIn identifier="com.apple.InterfaceBuilder.IBCocoaTouchPlugin" version="20020"/>
        <capability name="Named colors" minToolsVersion="9.0"/>
        <capability name="Safe area layout guides" minToolsVersion="9.0"/>
        <capability name="System colors in document resources" minToolsVersion="11.0"/>
        <capability name="collection view cell content view" minToolsVersion="11.0"/>
        <capability name="documents saved in the Xcode 8 format" minToolsVersion="8.0"/>
    </dependencies>
    <customFonts key="customFonts">
        <array key="Alegreya-Bold.ttf">
            <string>Alegreya-Bold</string>
        </array>
        <array key="Alegreya-Regular.ttf">
            <string>Alegreya-Regular</string>
        </array>
    </customFonts>
    <scenes>
        <!--View Controller-->
        <scene sceneID="tne-QT-ifu">
            <objects>
                <viewController id="BYZ-38-t0r" sceneMemberID="viewController">
                    <view key="view" contentMode="scaleToFill" id="8bC-Xf-vdC">
                        <rect key="frame" x="0.0" y="0.0" width="414" height="896"/>
                        <autoresizingMask key="autoresizingMask" widthSizable="YES" heightSizable="YES"/>
                        <subviews>
                            <imageView clipsSubviews="YES" userInteractionEnabled="NO" contentMode="scaleAspectFill" horizontalHuggingPriority="251" verticalHuggingPriority="251" fixedFrame="YES" image="Background" translatesAutoresizingMaskIntoConstraints="NO" id="ouX-wU-z6R">
                                <rect key="frame" x="0.0" y="0.0" width="414" height="896"/>
                                <autoresizingMask key="autoresizingMask" flexibleMaxX="YES" flexibleMaxY="YES"/>
                            </imageView>
                            <imageView clipsSubviews="YES" userInteractionEnabled="NO" contentMode="scaleAspectFit" horizontalHuggingPriority="251" verticalHuggingPriority="251" fixedFrame="YES" image="Logotype" translatesAutoresizingMaskIntoConstraints="NO" id="D2G-RH-gYw">
                                <rect key="frame" x="59" y="250" width="297" height="228"/>
                                <autoresizingMask key="autoresizingMask" flexibleMaxX="YES" flexibleMaxY="YES"/>
                            </imageView>
                            <label opaque="NO" userInteractionEnabled="NO" contentMode="left" horizontalHuggingPriority="251" verticalHuggingPriority="251" fixedFrame="YES" textAlignment="center" lineBreakMode="tailTruncation" numberOfLines="3" baselineAdjustment="alignBaselines" adjustsFontSizeToFit="NO" translatesAutoresizingMaskIntoConstraints="NO" id="dg0-dN-cX2">
                                <rect key="frame" x="84" y="561" width="246" height="87"/>
                                <autoresizingMask key="autoresizingMask" flexibleMaxX="YES" flexibleMaxY="YES"/>
                                <string key="text">Наслаждайся отборочным. 
Будь внимателен. 
Делай хорошо.</string>
                                <fontDescription key="fontDescription" name="Alegreya-Regular" family="Alegreya" pointSize="20"/>
                                <color key="textColor" name="white"/>
                                <nil key="highlightedColor"/>
                            </label>
                            <label opaque="NO" userInteractionEnabled="NO" contentMode="left" horizontalHuggingPriority="251" verticalHuggingPriority="251" fixedFrame="YES" text="ПРИВЕТ" textAlignment="natural" lineBreakMode="tailTruncation" baselineAdjustment="alignBaselines" adjustsFontSizeToFit="NO" translatesAutoresizingMaskIntoConstraints="NO" id="oxd-ms-z9o">
                                <rect key="frame" x="132" y="486" width="151" height="67"/>
                                <autoresizingMask key="autoresizingMask" flexibleMaxX="YES" flexibleMaxY="YES"/>
                                <fontDescription key="fontDescription" name="Alegreya-Bold" family="Alegreya" pointSize="34"/>
                                <color key="textColor" name="white"/>
                                <nil key="highlightedColor"/>
                            </label>
                            <button opaque="NO" contentMode="scaleToFill" fixedFrame="YES" contentHorizontalAlignment="center" contentVerticalAlignment="center" buttonType="system" lineBreakMode="middleTruncation" translatesAutoresizingMaskIntoConstraints="NO" id="oCI-bm-U2Y">
                                <rect key="frame" x="47" y="708" width="321" height="61"/>
                                <autoresizingMask key="autoresizingMask" flexibleMaxX="YES" flexibleMaxY="YES"/>
                                <color key="backgroundColor" red="0.54347737871580792" green="0.71533904409913163" blue="0.62689160141491873" alpha="0.72774706146148038" colorSpace="custom" customColorSpace="displayP3"/>
                                <state key="normal" title="Button"/>
                                <buttonConfiguration key="configuration" style="plain" title="Войти в аккаунт">
                                    <fontDescription key="titleFontDescription" name="Alegreya-Medium" family="Alegreya" pointSize="25"/>
                                    <color key="baseForegroundColor" name="white"/>
                                </buttonConfiguration>
                                <userDefinedRuntimeAttributes>
                                    <userDefinedRuntimeAttribute type="number" keyPath="layer.cornerRadius">
                                        <integer key="value" value="12"/>
                                    </userDefinedRuntimeAttribute>
                                </userDefinedRuntimeAttributes>
                            </button>
                            <button opaque="NO" contentMode="scaleToFill" fixedFrame="YES" contentHorizontalAlignment="center" contentVerticalAlignment="center" buttonType="system" lineBreakMode="middleTruncation" translatesAutoresizingMaskIntoConstraints="NO" id="DZD-f6-FVn">
                                <rect key="frame" x="47" y="797" width="321" height="30"/>
                                <autoresizingMask key="autoresizingMask" flexibleMaxX="YES" flexibleMaxY="YES"/>
                                <color key="tintColor" white="1" alpha="1" colorSpace="custom" customColorSpace="genericGamma22GrayColorSpace"/>
                                <state key="normal" title="Button"/>
                                <buttonConfiguration key="configuration" style="plain">
                                    <attributedString key="attributedTitle">
                                        <fragment content="Еще нет аккаунта? ">
                                            <attributes>
                                                <font key="NSFont" size="19" name="AmericanTypewriter"/>
                                                <paragraphStyle key="NSParagraphStyle" alignment="natural" lineBreakMode="wordWrapping" baseWritingDirection="natural" tighteningFactorForTruncation="0.0"/>
                                            </attributes>
                                        </fragment>
                                        <fragment content="Зарегистрируйтесь">
                                            <attributes>
                                                <font key="NSFont" size="19" name="AmericanTypewriter-Bold"/>
                                                <paragraphStyle key="NSParagraphStyle" alignment="natural" lineBreakMode="wordWrapping" baseWritingDirection="natural" tighteningFactorForTruncation="0.0"/>
                                            </attributes>
                                        </fragment>
                                    </attributedString>
                                </buttonConfiguration>
                            </button>
                        </subviews>
                        <viewLayoutGuide key="safeArea" id="6Tk-OE-BBY"/>
                        <color key="backgroundColor" systemColor="systemBackgroundColor"/>
                    </view>
                </viewController>
                <placeholder placeholderIdentifier="IBFirstResponder" id="dkx-z0-nzr" sceneMemberID="firstResponder"/>
            </objects>
            <point key="canvasLocation" x="5.7971014492753632" y="83.705357142857139"/>
        </scene>
        <!--View Controller-->
        <scene sceneID="u9c-iA-dv8">
            <objects>
                <viewController id="ue6-oc-OMG" sceneMemberID="viewController">
                    <view key="view" contentMode="scaleToFill" id="eHM-SY-jqv">
                        <rect key="frame" x="0.0" y="0.0" width="414" height="896"/>
                        <autoresizingMask key="autoresizingMask" widthSizable="YES" heightSizable="YES"/>
                        <subviews>
                            <label opaque="NO" userInteractionEnabled="NO" contentMode="left" horizontalHuggingPriority="251" verticalHuggingPriority="251" fixedFrame="YES" text="Тут будет регистрация" textAlignment="natural" lineBreakMode="tailTruncation" numberOfLines="2" baselineAdjustment="alignBaselines" adjustsFontSizeToFit="NO" translatesAutoresizingMaskIntoConstraints="NO" id="npb-Fs-3bQ">
                                <rect key="frame" x="114" y="400" width="186" height="97"/>
                                <autoresizingMask key="autoresizingMask" flexibleMaxX="YES" flexibleMaxY="YES"/>
                                <fontDescription key="fontDescription" name="ArialMT" family="Arial" pointSize="30"/>
                                <color key="textColor" name="white"/>
                                <nil key="highlightedColor"/>
                            </label>
                        </subviews>
                        <viewLayoutGuide key="safeArea" id="vPn-Tt-jBf"/>
                        <color key="backgroundColor" name="green"/>
                    </view>
                </viewController>
                <placeholder placeholderIdentifier="IBFirstResponder" id="6dW-Ze-l4P" userLabel="First Responder" customClass="UIResponder" sceneMemberID="firstResponder"/>
            </objects>
            <point key="canvasLocation" x="672" y="84"/>
        </scene>
        <!--Sign In View Controller-->
        <scene sceneID="hKm-to-o8w">
            <objects>
                <viewController id="xod-zu-A3x" customClass="SignInViewController" customModule="meditation" customModuleProvider="target" sceneMemberID="viewController">
                    <view key="view" contentMode="scaleToFill" id="bPT-bw-YNd">
                        <rect key="frame" x="0.0" y="0.0" width="414" height="896"/>
                        <autoresizingMask key="autoresizingMask" widthSizable="YES" heightSizable="YES"/>
                        <subviews>
                            <imageView clipsSubviews="YES" userInteractionEnabled="NO" contentMode="scaleAspectFill" horizontalHuggingPriority="251" verticalHuggingPriority="251" fixedFrame="YES" image="Logotype" translatesAutoresizingMaskIntoConstraints="NO" id="6Ka-Ch-sCN">
                                <rect key="frame" x="20" y="120" width="81" height="81"/>
                                <autoresizingMask key="autoresizingMask" flexibleMaxX="YES" flexibleMaxY="YES"/>
                            </imageView>
                            <label opaque="NO" userInteractionEnabled="NO" contentMode="left" horizontalHuggingPriority="251" verticalHuggingPriority="251" fixedFrame="YES" text="Вход" textAlignment="natural" lineBreakMode="tailTruncation" numberOfLines="2" baselineAdjustment="alignBaselines" adjustsFontSizeToFit="NO" translatesAutoresizingMaskIntoConstraints="NO" id="YfP-d7-ADt">
                                <rect key="frame" x="20" y="209" width="150" height="38"/>
                                <autoresizingMask key="autoresizingMask" flexibleMaxX="YES" flexibleMaxY="YES"/>
                                <fontDescription key="fontDescription" name="ArialMT" family="Arial" pointSize="30"/>
                                <color key="textColor" name="white"/>
                                <nil key="highlightedColor"/>
                            </label>
                            <button opaque="NO" contentMode="scaleToFill" fixedFrame="YES" contentHorizontalAlignment="center" contentVerticalAlignment="center" buttonType="system" lineBreakMode="middleTruncation" translatesAutoresizingMaskIntoConstraints="NO" id="R64-2Q-77q">
                                <rect key="frame" x="47" y="525" width="321" height="61"/>
                                <autoresizingMask key="autoresizingMask" flexibleMaxX="YES" flexibleMaxY="YES"/>
                                <color key="backgroundColor" red="0.54347737870000001" green="0.71533904410000004" blue="0.6268916014" alpha="0.72774706150000001" colorSpace="custom" customColorSpace="displayP3"/>
                                <state key="normal" title="Button"/>
                                <buttonConfiguration key="configuration" style="plain" title="Войти">
                                    <fontDescription key="titleFontDescription" name="Alegreya-Medium" family="Alegreya" pointSize="25"/>
                                    <color key="baseForegroundColor" name="white"/>
                                </buttonConfiguration>
                                <userDefinedRuntimeAttributes>
                                    <userDefinedRuntimeAttribute type="number" keyPath="layer.cornerRadius">
                                        <integer key="value" value="12"/>
                                    </userDefinedRuntimeAttribute>
                                </userDefinedRuntimeAttributes>
                                <connections>
                                    <action selector="signInAction:" destination="xod-zu-A3x" eventType="touchUpInside" id="rWH-6s-IUT"/>
                                </connections>
                            </button>
                            <button opaque="NO" contentMode="scaleToFill" fixedFrame="YES" contentHorizontalAlignment="center" contentVerticalAlignment="center" buttonType="system" lineBreakMode="middleTruncation" translatesAutoresizingMaskIntoConstraints="NO" id="TJ6-D5-onD">
                                <rect key="frame" x="47" y="610" width="321" height="30"/>
                                <autoresizingMask key="autoresizingMask" flexibleMaxX="YES" flexibleMaxY="YES"/>
                                <color key="tintColor" white="1" alpha="1" colorSpace="custom" customColorSpace="genericGamma22GrayColorSpace"/>
                                <state key="normal" title="Button"/>
                                <buttonConfiguration key="configuration" style="plain">
                                    <attributedString key="attributedTitle">
                                        <fragment content="Еще нет аккаунта? ">
                                            <attributes>
                                                <font key="NSFont" size="19" name="AmericanTypewriter"/>
                                                <paragraphStyle key="NSParagraphStyle" alignment="natural" lineBreakMode="wordWrapping" baseWritingDirection="natural" tighteningFactorForTruncation="0.0"/>
                                            </attributes>
                                        </fragment>
                                        <fragment content="Зарегистрируйтесь">
                                            <attributes>
                                                <font key="NSFont" size="19" name="AmericanTypewriter-Bold"/>
                                                <paragraphStyle key="NSParagraphStyle" alignment="natural" lineBreakMode="wordWrapping" baseWritingDirection="natural" tighteningFactorForTruncation="0.0"/>
                                            </attributes>
                                        </fragment>
                                    </attributedString>
                                </buttonConfiguration>
                            </button>
                            <imageView clipsSubviews="YES" userInteractionEnabled="NO" contentMode="scaleAspectFill" horizontalHuggingPriority="251" verticalHuggingPriority="251" fixedFrame="YES" image="flowers" translatesAutoresizingMaskIntoConstraints="NO" id="JXY-wd-AJh">
                                <rect key="frame" x="0.0" y="648" width="414" height="248"/>
                                <autoresizingMask key="autoresizingMask" flexibleMaxX="YES" flexibleMaxY="YES"/>
                            </imageView>
                            <textField opaque="NO" contentMode="scaleToFill" fixedFrame="YES" contentHorizontalAlignment="left" contentVerticalAlignment="center" borderStyle="roundedRect" placeholder="Email" textAlignment="natural" minimumFontSize="17" translatesAutoresizingMaskIntoConstraints="NO" id="BDz-z8-Cfj">
                                <rect key="frame" x="47" y="384" width="321" height="34"/>
                                <autoresizingMask key="autoresizingMask" flexibleMaxX="YES" flexibleMaxY="YES"/>
                                <color key="backgroundColor" name="green"/>
                                <color key="textColor" name="white"/>
                                <fontDescription key="fontDescription" name="ArialMT" family="Arial" pointSize="18"/>
                                <textInputTraits key="textInputTraits"/>
                                <userDefinedRuntimeAttributes>
                                    <userDefinedRuntimeAttribute type="color" keyPath="placeholderLabel.textColor">
                                        <color key="value" white="1" alpha="1" colorSpace="custom" customColorSpace="genericGamma22GrayColorSpace"/>
                                    </userDefinedRuntimeAttribute>
                                </userDefinedRuntimeAttributes>
                            </textField>
                            <textField opaque="NO" contentMode="scaleToFill" fixedFrame="YES" contentHorizontalAlignment="left" contentVerticalAlignment="center" borderStyle="roundedRect" placeholder="Password" textAlignment="natural" minimumFontSize="17" translatesAutoresizingMaskIntoConstraints="NO" id="gAx-Ym-f9Y">
                                <rect key="frame" x="47" y="440" width="321" height="34"/>
                                <autoresizingMask key="autoresizingMask" flexibleMaxX="YES" flexibleMaxY="YES"/>
                                <color key="backgroundColor" name="green"/>
                                <color key="textColor" name="white"/>
                                <fontDescription key="fontDescription" name="ArialMT" family="Arial" pointSize="18"/>
                                <textInputTraits key="textInputTraits" secureTextEntry="YES"/>
                                <userDefinedRuntimeAttributes>
                                    <userDefinedRuntimeAttribute type="color" keyPath="placeholderLabel.textColor">
                                        <color key="value" white="1" alpha="1" colorSpace="custom" customColorSpace="genericGamma22GrayColorSpace"/>
                                    </userDefinedRuntimeAttribute>
                                </userDefinedRuntimeAttributes>
                            </textField>
                        </subviews>
                        <viewLayoutGuide key="safeArea" id="P0a-8Y-Xe4"/>
                        <color key="backgroundColor" name="green"/>
                    </view>
                    <connections>
                        <outlet property="inputLogin" destination="BDz-z8-Cfj" id="KHG-P6-J6o"/>
                        <outlet property="inputPassword" destination="gAx-Ym-f9Y" id="wk6-3L-h5J"/>
                    </connections>
                </viewController>
                <placeholder placeholderIdentifier="IBFirstResponder" id="NMQ-1W-01O" userLabel="First Responder" customClass="UIResponder" sceneMemberID="firstResponder"/>
            </objects>
            <point key="canvasLocation" x="671" y="749"/>
        </scene>
        <!--Main View Controller-->
        <scene sceneID="Vmg-Y4-2uV">
            <objects>
                <viewController id="lP4-ZB-GNt" customClass="MainViewController" customModule="meditation" customModuleProvider="target" sceneMemberID="viewController">
                    <view key="view" contentMode="scaleToFill" id="Tbt-fP-eHd">
                        <rect key="frame" x="0.0" y="0.0" width="414" height="896"/>
                        <autoresizingMask key="autoresizingMask" widthSizable="YES" heightSizable="YES"/>
                        <subviews>
                            <button opaque="NO" contentMode="scaleToFill" fixedFrame="YES" contentHorizontalAlignment="center" contentVerticalAlignment="center" buttonType="system" lineBreakMode="middleTruncation" translatesAutoresizingMaskIntoConstraints="NO" id="yNt-9o-PrO">
                                <rect key="frame" x="35" y="75" width="33" height="33"/>
                                <autoresizingMask key="autoresizingMask" flexibleMaxX="YES" flexibleMaxY="YES"/>
                                <state key="normal" title="Button"/>
                                <buttonConfiguration key="configuration" style="plain" image="line.3.horizontal" catalog="system">
                                    <color key="baseForegroundColor" name="white"/>
                                </buttonConfiguration>
                            </button>
                            <imageView clipsSubviews="YES" userInteractionEnabled="NO" contentMode="scaleAspectFill" horizontalHuggingPriority="251" verticalHuggingPriority="251" fixedFrame="YES" image="Logotype" translatesAutoresizingMaskIntoConstraints="NO" id="pxv-Uf-I1f">
                                <rect key="frame" x="167" y="51" width="80" height="80"/>
                                <autoresizingMask key="autoresizingMask" flexibleMaxX="YES" flexibleMaxY="YES"/>
                            </imageView>
                            <imageView clipsSubviews="YES" userInteractionEnabled="NO" contentMode="scaleAspectFit" horizontalHuggingPriority="251" verticalHuggingPriority="251" fixedFrame="YES" translatesAutoresizingMaskIntoConstraints="NO" id="2Yt-f2-3M8">
                                <rect key="frame" x="330" y="66" width="50" height="50"/>
                                <autoresizingMask key="autoresizingMask" flexibleMaxX="YES" flexibleMaxY="YES"/>
                            </imageView>
                            <label opaque="NO" userInteractionEnabled="NO" contentMode="left" horizontalHuggingPriority="251" verticalHuggingPriority="251" fixedFrame="YES" text="С возращением, Эмиль!" textAlignment="center" lineBreakMode="tailTruncation" baselineAdjustment="alignBaselines" showsExpansionTextWhenTruncated="YES" adjustsFontSizeToFit="NO" translatesAutoresizingMaskIntoConstraints="NO" id="zbd-Aw-F5O">
                                <rect key="frame" x="65" y="139" width="311" height="41"/>
                                <autoresizingMask key="autoresizingMask" flexibleMaxX="YES" flexibleMaxY="YES"/>
                                <fontDescription key="fontDescription" name="Alegreya-Regular" family="Alegreya" pointSize="30"/>
                                <color key="textColor" name="white"/>
                                <nil key="highlightedColor"/>
                            </label>
                            <label opaque="NO" userInteractionEnabled="NO" contentMode="left" horizontalHuggingPriority="251" verticalHuggingPriority="251" fixedFrame="YES" text="Каким ты себя ощущаешь сегодня?" lineBreakMode="tailTruncation" baselineAdjustment="alignBaselines" showsExpansionTextWhenTruncated="YES" adjustsFontSizeToFit="NO" translatesAutoresizingMaskIntoConstraints="NO" id="gs4-fy-Wy7">
                                <rect key="frame" x="65" y="188" width="333" height="30"/>
                                <autoresizingMask key="autoresizingMask" flexibleMaxX="YES" flexibleMaxY="YES"/>
                                <fontDescription key="fontDescription" name="Alegreya-Regular" family="Alegreya" pointSize="22"/>
                                <color key="textColor" name="white"/>
                                <nil key="highlightedColor"/>
                            </label>
                            <collectionView clipsSubviews="YES" multipleTouchEnabled="YES" contentMode="scaleToFill" fixedFrame="YES" dataMode="prototypes" translatesAutoresizingMaskIntoConstraints="NO" id="Pq9-64-48R">
                                <rect key="frame" x="20" y="273" width="374" height="85"/>
                                <autoresizingMask key="autoresizingMask" flexibleMaxX="YES" flexibleMaxY="YES"/>
                                <color key="backgroundColor" name="green"/>
                                <collectionViewFlowLayout key="collectionViewLayout" scrollDirection="horizontal" automaticEstimatedItemSize="YES" minimumLineSpacing="10" minimumInteritemSpacing="10" id="n3U-SY-lRp">
                                    <size key="itemSize" width="85" height="85"/>
                                    <size key="headerReferenceSize" width="0.0" height="0.0"/>
                                    <size key="footerReferenceSize" width="0.0" height="0.0"/>
                                    <inset key="sectionInset" minX="0.0" minY="0.0" maxX="0.0" maxY="0.0"/>
                                </collectionViewFlowLayout>
                                <cells>
                                    <collectionViewCell opaque="NO" clipsSubviews="YES" multipleTouchEnabled="YES" contentMode="center" id="R97-24-Tuq">
                                        <rect key="frame" x="0.0" y="0.0" width="85" height="85"/>
                                        <autoresizingMask key="autoresizingMask" flexibleMaxX="YES" flexibleMaxY="YES"/>
                                        <collectionViewCellContentView key="contentView" opaque="NO" clipsSubviews="YES" multipleTouchEnabled="YES" contentMode="center" insetsLayoutMarginsFromSafeArea="NO" id="ObO-bO-bTY">
                                            <rect key="frame" x="0.0" y="0.0" width="85" height="85"/>
                                            <autoresizingMask key="autoresizingMask"/>
                                            <subviews>
                                                <view contentMode="scaleToFill" fixedFrame="YES" translatesAutoresizingMaskIntoConstraints="NO" id="dI9-Xl-LEc">
                                                    <rect key="frame" x="11" y="0.0" width="62" height="62"/>
                                                    <autoresizingMask key="autoresizingMask" flexibleMaxX="YES" flexibleMaxY="YES"/>
                                                    <subviews>
                                                        <imageView clipsSubviews="YES" userInteractionEnabled="NO" contentMode="scaleAspectFit" horizontalHuggingPriority="251" verticalHuggingPriority="251" fixedFrame="YES" translatesAutoresizingMaskIntoConstraints="NO" id="gNZ-83-j0K">
                                                            <rect key="frame" x="11" y="11" width="40" height="40"/>
                                                            <autoresizingMask key="autoresizingMask" flexibleMaxX="YES" flexibleMaxY="YES"/>
                                                        </imageView>
                                                        <label opaque="NO" userInteractionEnabled="NO" contentMode="left" horizontalHuggingPriority="251" verticalHuggingPriority="251" fixedFrame="YES" text="name" textAlignment="center" lineBreakMode="tailTruncation" baselineAdjustment="alignBaselines" adjustsFontSizeToFit="NO" translatesAutoresizingMaskIntoConstraints="NO" id="lCO-71-497">
                                                            <rect key="frame" x="0.0" y="64" width="85" height="21"/>
                                                            <autoresizingMask key="autoresizingMask" flexibleMaxX="YES" flexibleMaxY="YES"/>
                                                            <fontDescription key="fontDescription" name="Alegreya-Regular" family="Alegreya" pointSize="12"/>
                                                            <color key="textColor" name="white"/>
                                                            <nil key="highlightedColor"/>
                                                        </label>
                                                    </subviews>
                                                    <color key="backgroundColor" systemColor="systemBackgroundColor"/>
                                                </view>
                                            </subviews>
                                        </collectionViewCellContentView>
                                    </collectionViewCell>
                                </cells>
                            </collectionView>
                            <collectionView clipsSubviews="YES" multipleTouchEnabled="YES" contentMode="scaleToFill" fixedFrame="YES" dataMode="prototypes" translatesAutoresizingMaskIntoConstraints="NO" id="nKr-wZ-T51">
                                <rect key="frame" x="20" y="384" width="374" height="142"/>
                                <autoresizingMask key="autoresizingMask" flexibleMaxX="YES" flexibleMaxY="YES"/>
                                <color key="backgroundColor" systemColor="systemBackgroundColor"/>
                                <collectionViewFlowLayout key="collectionViewLayout" automaticEstimatedItemSize="YES" minimumLineSpacing="10" minimumInteritemSpacing="10" id="m7D-TO-uSp">
                                    <size key="itemSize" width="374" height="133"/>
                                    <size key="headerReferenceSize" width="0.0" height="0.0"/>
                                    <size key="footerReferenceSize" width="0.0" height="0.0"/>
                                    <inset key="sectionInset" minX="0.0" minY="0.0" maxX="0.0" maxY="0.0"/>
                                </collectionViewFlowLayout>
                                <cells>
                                    <collectionViewCell opaque="NO" clipsSubviews="YES" multipleTouchEnabled="YES" contentMode="center" id="WRh-Ic-m6n">
                                        <rect key="frame" x="0.0" y="0.0" width="374" height="133"/>
                                        <autoresizingMask key="autoresizingMask" flexibleMaxX="YES" flexibleMaxY="YES"/>
                                        <collectionViewCellContentView key="contentView" opaque="NO" clipsSubviews="YES" multipleTouchEnabled="YES" contentMode="center" insetsLayoutMarginsFromSafeArea="NO" id="FEs-sh-Tj5">
                                            <rect key="frame" x="0.0" y="0.0" width="374" height="133"/>
                                            <autoresizingMask key="autoresizingMask"/>
                                            <subviews>
                                                <imageView clipsSubviews="YES" userInteractionEnabled="NO" contentMode="scaleAspectFit" horizontalHuggingPriority="251" verticalHuggingPriority="251" fixedFrame="YES" translatesAutoresizingMaskIntoConstraints="NO" id="kf7-NQ-mav">
                                                    <rect key="frame" x="188" y="11" width="178" height="128"/>
                                                    <autoresizingMask key="autoresizingMask" flexibleMaxX="YES" flexibleMaxY="YES"/>
                                                </imageView>
                                                <label opaque="NO" userInteractionEnabled="NO" contentMode="left" horizontalHuggingPriority="251" verticalHuggingPriority="251" fixedFrame="YES" text="Заголовок блока" textAlignment="natural" lineBreakMode="tailTruncation" baselineAdjustment="alignBaselines" adjustsFontSizeToFit="NO" translatesAutoresizingMaskIntoConstraints="NO" id="wUX-29-FMj">
                                                    <rect key="frame" x="17" y="11" width="340" height="21"/>
                                                    <autoresizingMask key="autoresizingMask" flexibleMaxX="YES" flexibleMaxY="YES"/>
                                                    <fontDescription key="fontDescription" name="Alegreya-Regular" family="Alegreya" pointSize="25"/>
                                                    <color key="textColor" name="green"/>
                                                    <nil key="highlightedColor"/>
                                                </label>
                                                <label opaque="NO" userInteractionEnabled="NO" contentMode="left" horizontalHuggingPriority="251" verticalHuggingPriority="251" fixedFrame="YES" text="Кпаткое описание блока с двумя строчками" textAlignment="natural" lineBreakMode="tailTruncation" numberOfLines="0" baselineAdjustment="alignBaselines" adjustsFontSizeToFit="NO" translatesAutoresizingMaskIntoConstraints="NO" id="8Sw-sQ-exn">
                                                    <rect key="frame" x="17" y="40" width="163" height="60"/>
                                                    <autoresizingMask key="autoresizingMask" flexibleMaxX="YES" flexibleMaxY="YES"/>
                                                    <fontDescription key="fontDescription" name="Alegreya-Regular" family="Alegreya" pointSize="15"/>
                                                    <color key="textColor" name="green"/>
                                                    <nil key="highlightedColor"/>
                                                </label>
                                                <button opaque="NO" contentMode="scaleToFill" fixedFrame="YES" contentHorizontalAlignment="center" contentVerticalAlignment="center" buttonType="system" lineBreakMode="middleTruncation" translatesAutoresizingMaskIntoConstraints="NO" id="dnV-Y6-C0U">
                                                    <rect key="frame" x="17" y="94" width="163" height="31"/>
                                                    <autoresizingMask key="autoresizingMask" flexibleMaxX="YES" flexibleMaxY="YES"/>
                                                    <color key="backgroundColor" name="green"/>
                                                    <fontDescription key="fontDescription" name="Alegreya-Regular" family="Alegreya" pointSize="15"/>
                                                    <inset key="imageEdgeInsets" minX="0.0" minY="0.0" maxX="2.2250738585072014e-308" maxY="0.0"/>
                                                    <state key="normal" title="подробнее">
                                                        <color key="titleColor" name="white"/>
                                                    </state>
                                                </button>
                                            </subviews>
                                        </collectionViewCellContentView>
                                        <size key="customSize" width="374" height="133"/>
                                    </collectionViewCell>
                                </cells>
                            </collectionView>
                        </subviews>
                        <viewLayoutGuide key="safeArea" id="hlp-ei-OLT"/>
                        <color key="backgroundColor" name="green"/>
                    </view>
                    <tabBarItem key="tabBarItem" title="" image="Logotype" landscapeImage="Logotype" id="Lgb-mg-2vM"/>
                </viewController>
                <placeholder placeholderIdentifier="IBFirstResponder" id="s10-BO-Mzc" userLabel="First Responder" customClass="UIResponder" sceneMemberID="firstResponder"/>
            </objects>
            <point key="canvasLocation" x="2250.7246376811595" y="748.66071428571422"/>
        </scene>
        <!--View Controller-->
        <scene sceneID="5tI-lL-DJc">
            <objects>
                <viewController id="L4V-vT-5mR" sceneMemberID="viewController">
                    <view key="view" contentMode="scaleToFill" id="elL-Ve-q81">
                        <rect key="frame" x="0.0" y="0.0" width="414" height="896"/>
                        <autoresizingMask key="autoresizingMask" widthSizable="YES" heightSizable="YES"/>
                        <subviews>
                            <label opaque="NO" userInteractionEnabled="NO" contentMode="left" horizontalHuggingPriority="251" verticalHuggingPriority="251" fixedFrame="YES" text="Тут будет прослушивание" textAlignment="natural" lineBreakMode="tailTruncation" numberOfLines="2" baselineAdjustment="alignBaselines" adjustsFontSizeToFit="NO" translatesAutoresizingMaskIntoConstraints="NO" id="xKO-ZI-syQ">
                                <rect key="frame" x="87" y="400" width="241" height="97"/>
                                <autoresizingMask key="autoresizingMask" flexibleMaxX="YES" flexibleMaxY="YES"/>
                                <fontDescription key="fontDescription" name="ArialMT" family="Arial" pointSize="30"/>
                                <color key="textColor" name="white"/>
                                <nil key="highlightedColor"/>
                            </label>
                        </subviews>
                        <viewLayoutGuide key="safeArea" id="OfA-zK-Zlc"/>
                        <color key="backgroundColor" name="green"/>
                    </view>
                </viewController>
                <placeholder placeholderIdentifier="IBFirstResponder" id="ORS-rI-hUs" userLabel="First Responder" customClass="UIResponder" sceneMemberID="firstResponder"/>
            </objects>
            <point key="canvasLocation" x="2008.6956521739132" y="83.705357142857139"/>
        </scene>
        <!--View Controller-->
        <scene sceneID="U1M-7e-wuM">
            <objects>
                <viewController id="82L-o1-Fb5" sceneMemberID="viewController">
                    <view key="view" contentMode="scaleToFill" id="sCR-we-VnG">
                        <rect key="frame" x="0.0" y="0.0" width="414" height="896"/>
                        <autoresizingMask key="autoresizingMask" widthSizable="YES" heightSizable="YES"/>
                        <subviews>
                            <label opaque="NO" userInteractionEnabled="NO" contentMode="left" horizontalHuggingPriority="251" verticalHuggingPriority="251" fixedFrame="YES" text="Тут будет меню" textAlignment="natural" lineBreakMode="tailTruncation" baselineAdjustment="alignBaselines" adjustsFontSizeToFit="NO" translatesAutoresizingMaskIntoConstraints="NO" id="g8J-SL-hUc">
                                <rect key="frame" x="92" y="400" width="216" height="34"/>
                                <autoresizingMask key="autoresizingMask" flexibleMaxX="YES" flexibleMaxY="YES"/>
                                <fontDescription key="fontDescription" name="ArialMT" family="Arial" pointSize="30"/>
                                <color key="textColor" name="white"/>
                                <nil key="highlightedColor"/>
                            </label>
                        </subviews>
                        <viewLayoutGuide key="safeArea" id="EkF-lJ-SJk"/>
                        <color key="backgroundColor" name="green"/>
                    </view>
                </viewController>
                <placeholder placeholderIdentifier="IBFirstResponder" id="BOL-sI-rJa" userLabel="First Responder" customClass="UIResponder" sceneMemberID="firstResponder"/>
            </objects>
            <point key="canvasLocation" x="1340.5797101449277" y="83.705357142857139"/>
        </scene>
        <!--Tab Bar Controller-->
        <scene sceneID="12q-Mk-JrM">
            <objects>
                <placeholder placeholderIdentifier="IBFirstResponder" id="NvY-ri-PoG" userLabel="First Responder" customClass="UIResponder" sceneMemberID="firstResponder"/>
                <tabBarController automaticallyAdjustsScrollViewInsets="NO" id="4bI-ZH-Al9" sceneMemberID="viewController">
                    <toolbarItems/>
                    <tabBar key="tabBar" contentMode="scaleToFill" insetsLayoutMarginsFromSafeArea="NO" id="FOQ-XX-cc6">
                        <autoresizingMask key="autoresizingMask"/>
                        <color key="backgroundColor" white="0.0" alpha="0.0" colorSpace="custom" customColorSpace="genericGamma22GrayColorSpace"/>
                        <color key="barTintColor" name="green"/>
                        <color key="selectedImageTintColor" name="white"/>
                    </tabBar>
                    <connections>
                        <segue destination="lP4-ZB-GNt" kind="relationship" relationship="viewControllers" id="jIk-Z2-ENz"/>
                    </connections>
                </tabBarController>
            </objects>
            <point key="canvasLocation" x="1340.5797101449277" y="748.66071428571422"/>
        </scene>
    </scenes>
    <resources>
        <image name="Background" width="375" height="812"/>
        <image name="Logotype" width="512" height="512"/>
        <image name="flowers" width="375" height="224"/>
        <image name="line.3.horizontal" catalog="system" width="128" height="64"/>
        <namedColor name="green">
            <color red="0.14499999582767487" green="0.20000000298023224" blue="0.20399999618530273" alpha="1" colorSpace="custom" customColorSpace="sRGB"/>
        </namedColor>
        <namedColor name="white">
            <color red="1" green="1" blue="1" alpha="1" colorSpace="custom" customColorSpace="sRGB"/>
        </namedColor>
        <systemColor name="systemBackgroundColor">
            <color white="1" alpha="1" colorSpace="custom" customColorSpace="genericGamma22GrayColorSpace"/>
        </systemColor>
    </resources>
</document>
